date,feature_index,avg(band_0)
2022-02-01T00:00:00.000Z,2,0.37494235125634945
2022-02-01T00:00:00.000Z,0,0.21474097031077533
2022-05-07T00:00:00.000Z,0,0.21137617676851714
2022-05-07T00:00:00.000Z,2,0.36975721280843127
2022-05-07T00:00:00.000Z,1,0.8841102396508977
2022-05-04T00:00:00.000Z,2,
2022-05-04T00:00:00.000Z,1,0.78849069660715
2022-05-04T00:00:00.000Z,0,
2020-02-07T00:00:00.000Z,1,0.6646407783689962
2020-02-04T00:00:00.000Z,1,0.7506951352532426
2020-02-07T00:00:00.000Z,0,0.2581447061144243
2020-02-04T00:00:00.000Z,2,0.49508647689707064
2020-02-07T00:00:00.000Z,2,0.3429683879745923
2020-02-04T00:00:00.000Z,0,0.6653033960355471
2020-03-28T00:00:00.000Z,2,0.3312729324636864
2020-03-28T00:00:00.000Z,0,0.15468135181039866
2020-03-28T00:00:00.000Z,1,0.5684816198712932
2020-04-27T00:00:00.000Z,1,0.8626923055510624
2020-04-27T00:00:00.000Z,2,0.3435141451234115
2020-04-24T00:00:00.000Z,1,0.6903947981766292
2020-04-27T00:00:00.000Z,0,0.17013107338085945
2020-04-24T00:00:00.000Z,0,0.17415211905547057
2020-04-24T00:00:00.000Z,2,0.334667520759098
2020-05-19T00:00:00.000Z,0,0.21120304604746068
2020-05-19T00:00:00.000Z,1,0.9343489552299536
2020-05-19T00:00:00.000Z,2,0.36225464098787835
2020-06-11T00:00:00.000Z,1,0.6779070108794673
2020-06-11T00:00:00.000Z,0,0.5418034294957438
2020-06-11T00:00:00.000Z,2,0.36049581899881583
2020-07-11T00:00:00.000Z,2,0.11930464434747895
2020-07-11T00:00:00.000Z,0,0.6757091488666461
2020-07-11T00:00:00.000Z,1,0.7932421709464589
2020-07-28T00:00:00.000Z,0,0.7825288154453758
2020-07-26T00:00:00.000Z,1,0.6222440680284023
2020-07-28T00:00:00.000Z,1,0.8330782165444708
2020-07-26T00:00:00.000Z,2,0.2667660634340213
2020-07-28T00:00:00.000Z,2,0.3238907190610232
2020-07-26T00:00:00.000Z,0,0.705700989726067
2021-02-11T00:00:00.000Z,0,
2021-02-11T00:00:00.000Z,2,
2021-03-25T00:00:00.000Z,1,0.6423405033566265
2021-03-25T00:00:00.000Z,0,0.1497534630114357
2021-03-23T00:00:00.000Z,2,0.347690363781659
2021-03-23T00:00:00.000Z,1,0.6551306469876883
2021-03-23T00:00:00.000Z,0,0.15858230742399693
2021-03-25T00:00:00.000Z,2,0.3403987611965723
2021-04-27T00:00:00.000Z,1,0.7890830695338602
2021-04-27T00:00:00.000Z,0,0.1724282685297059
2021-04-27T00:00:00.000Z,2,0.3651784975940836
2021-06-08T00:00:00.000Z,0,0.4546364910971551
2021-06-08T00:00:00.000Z,1,0.7457650626699129
2021-06-08T00:00:00.000Z,2,0.3425622553036443
2021-06-06T00:00:00.000Z,0,
2021-07-18T00:00:00.000Z,0,0.6862018222640338
2021-07-18T00:00:00.000Z,1,0.8148293082746692
2021-07-18T00:00:00.000Z,2,0.3686245538404287
2021-07-16T00:00:00.000Z,0,0.6419318887759989
2021-07-16T00:00:00.000Z,2,0.47197807242139045
2021-07-16T00:00:00.000Z,1,0.8416593932634183
2021-10-16T00:00:00.000Z,2,0.3490892862797993
2021-10-16T00:00:00.000Z,0,0.3197515231617
2021-10-16T00:00:00.000Z,1,0.5645006161928177
2021-11-10T00:00:00.000Z,2,
2022-01-12T00:00:00.000Z,2,0.36027763400113944
2022-01-14T00:00:00.000Z,0,0.43792926140079563
2022-01-12T00:00:00.000Z,1,0.9622133608529533
2022-01-12T00:00:00.000Z,0,0.26353763930697355
2022-01-14T00:00:00.000Z,2,0.3854961850237016
2022-01-14T00:00:00.000Z,1,0.9124495552747678
2022-04-24T00:00:00.000Z,1,0.7441651594215238
2022-05-29T00:00:00.000Z,0,
2022-05-29T00:00:00.000Z,1,
2022-05-29T00:00:00.000Z,2,0.5737819770971934
2022-07-16T00:00:00.000Z,1,0.9013965394062432
2022-07-16T00:00:00.000Z,2,0.35422362705754507
2022-07-18T00:00:00.000Z,2,0.3460383447560712
2022-07-16T00:00:00.000Z,0,0.8750458337121967
2022-07-18T00:00:00.000Z,0,0.8583305971756099
2022-07-18T00:00:00.000Z,1,0.885892367850401
2022-08-30T00:00:00.000Z,0,0.7422559440822496
2022-08-30T00:00:00.000Z,2,0.30705970199961247
2022-08-30T00:00:00.000Z,1,0.7670827728201631
2020-06-01T00:00:00.000Z,0,0.27440467483669645
2020-06-01T00:00:00.000Z,2,0.37312545071998643
2020-06-01T00:00:00.000Z,1,0.9286580453744078
2020-08-15T00:00:00.000Z,0,0.8750175881786916
2020-08-15T00:00:00.000Z,2,0.3382505803554563
2020-08-15T00:00:00.000Z,1,0.8964503183617942
2020-09-14T00:00:00.000Z,1,0.8335833529486038
2020-09-14T00:00:00.000Z,0,0.6648304011559889
2020-09-11T00:00:00.000Z,0,0.5936378480268618
2020-09-14T00:00:00.000Z,2,0.3451927590022393
2020-09-11T00:00:00.000Z,1,
2020-09-11T00:00:00.000Z,2,0.25840673433789946
2020-11-25T00:00:00.000Z,1,
2020-11-23T00:00:00.000Z,1,0.6029002556802779
2020-11-25T00:00:00.000Z,2,0.07335599416323914
2020-11-25T00:00:00.000Z,0,0.021218164845992475
2020-11-23T00:00:00.000Z,2,0.3423910823660387
2020-11-23T00:00:00.000Z,0,0.21215062300120013
2020-12-25T00:00:00.000Z,1,
2020-12-25T00:00:00.000Z,0,
2021-01-14T00:00:00.000Z,1,
2020-01-20T00:00:00.000Z,2,0.360194645534137
2020-01-20T00:00:00.000Z,1,0.7191975060793628
2020-01-20T00:00:00.000Z,0,0.22971302484950243
2020-05-04T00:00:00.000Z,1,0.9271921061610839
2020-05-04T00:00:00.000Z,2,0.3641261379475056
2020-05-04T00:00:00.000Z,0,0.4825518630237942
2020-05-27T00:00:00.000Z,1,0.9199554818353775
2020-05-27T00:00:00.000Z,0,0.26849486761750596
2020-05-29T00:00:00.000Z,0,0.2769904252714056
2020-05-27T00:00:00.000Z,2,0.3752800026638743
2020-05-29T00:00:00.000Z,2,0.380658197453816
2020-05-29T00:00:00.000Z,1,0.9373687417275403
2020-06-23T00:00:00.000Z,0,0.44455344034672484
2020-06-23T00:00:00.000Z,1,0.9013069464913107
2020-06-23T00:00:00.000Z,2,0.359002057130116
2020-07-23T00:00:00.000Z,2,0.32319361088639365
2020-07-23T00:00:00.000Z,1,0.8656694396801703
2020-07-21T00:00:00.000Z,2,0.35183634738544367
2020-07-21T00:00:00.000Z,1,0.8540508020805402
2020-07-23T00:00:00.000Z,0,0.7866702412325891
2020-07-21T00:00:00.000Z,0,0.7719625012113571
2020-08-07T00:00:00.000Z,0,0.8485694859651911
2020-08-07T00:00:00.000Z,1,0.8890853333273071
2020-08-07T00:00:00.000Z,2,0.3220702759419805
2020-08-30T00:00:00.000Z,0,0.695951868171713
2020-09-01T00:00:00.000Z,0,0.7744660623852065
2020-08-30T00:00:00.000Z,2,
2020-08-30T00:00:00.000Z,1,0.82831104876904
2020-09-01T00:00:00.000Z,1,0.7253077243917065
2020-09-01T00:00:00.000Z,2,0.30648316709004486
2020-09-29T00:00:00.000Z,2,0.35214225593150555
2020-09-29T00:00:00.000Z,1,0.6587557314117682
2020-09-29T00:00:00.000Z,0,0.5530877200058502
2020-10-11T00:00:00.000Z,0,0.39228299212550166
2020-10-09T00:00:00.000Z,2,
2020-10-11T00:00:00.000Z,2,0.3831454740727245
2020-10-09T00:00:00.000Z,0,0.44410409599387835
2020-10-11T00:00:00.000Z,1,0.8052974843834363
2020-10-09T00:00:00.000Z,1,0.8612746012233442
2020-11-18T00:00:00.000Z,0,0.2267458590852427
2020-11-20T00:00:00.000Z,0,0.21348357469789167
2020-11-20T00:00:00.000Z,1,0.603519799401093
2020-11-20T00:00:00.000Z,2,
2020-11-18T00:00:00.000Z,2,0.36702606375722713
2020-11-18T00:00:00.000Z,1,0.6187458234026346
2020-12-13T00:00:00.000Z,0,0.48797062483239684
2020-12-13T00:00:00.000Z,1,0.6399946383367281
2020-12-13T00:00:00.000Z,2,
2021-04-04T00:00:00.000Z,0,0.15553214404790777
2021-04-04T00:00:00.000Z,1,0.7612454005717195
2021-04-04T00:00:00.000Z,2,0.3549594509714314
2020-01-05T00:00:00.000Z,2,0.3758071706055513
2020-01-05T00:00:00.000Z,1,0.6922541070415313
2020-01-05T00:00:00.000Z,0,0.11213774154114621
2020-06-21T00:00:00.000Z,0,
2020-06-21T00:00:00.000Z,1,0.7749868093014155
2020-08-27T00:00:00.000Z,0,0.7860494490875731
2020-08-27T00:00:00.000Z,1,0.8758401189623827
2020-08-27T00:00:00.000Z,2,0.33091280092502434
2021-06-03T00:00:00.000Z,0,0.20546003230447604
2021-06-03T00:00:00.000Z,1,0.8526254018696543
2021-06-03T00:00:00.000Z,2,0.35495528917264785
2021-12-20T00:00:00.000Z,0,
2021-12-20T00:00:00.000Z,2,
2020-02-22T00:00:00.000Z,1,0.6221800353751417
2020-02-22T00:00:00.000Z,0,0.22781709769882386
2020-02-22T00:00:00.000Z,2,0.3497892329137016
2020-05-07T00:00:00.000Z,0,0.3908476688912217
2020-05-07T00:00:00.000Z,2,0.3801306879415943
2020-05-07T00:00:00.000Z,1,0.9237227025891978
2020-05-09T00:00:00.000Z,2,0.3772709138435398
2020-05-09T00:00:00.000Z,1,0.92666622085233
2020-05-09T00:00:00.000Z,0,0.2191395640202155
2020-12-03T00:00:00.000Z,2,
2020-11-30T00:00:00.000Z,2,
2021-05-22T00:00:00.000Z,0,0.19788429661267057
2021-05-22T00:00:00.000Z,2,0.31347620073291993
2021-05-22T00:00:00.000Z,1,0.775884995654677
2021-07-21T00:00:00.000Z,0,
2021-07-21T00:00:00.000Z,1,
2021-07-21T00:00:00.000Z,2,0.39708389805086863
2020-02-09T00:00:00.000Z,0,0.25296895913948303
2020-02-09T00:00:00.000Z,1,0.6765815350995796
2020-02-09T00:00:00.000Z,2,0.34522220470011233
2020-04-14T00:00:00.000Z,0,0.16054517127692722
2020-04-12T00:00:00.000Z,1,0.8675134561183231
2020-04-12T00:00:00.000Z,0,0.19670623377887725
2020-04-14T00:00:00.000Z,1,0.8931682348299762
2020-04-14T00:00:00.000Z,2,0.35446491033161864
2020-04-12T00:00:00.000Z,2,0.35431483772504263
2020-05-17T00:00:00.000Z,0,0.28027063457152324
2020-05-17T00:00:00.000Z,2,0.37577489554552135
2020-05-17T00:00:00.000Z,1,0.9073727185119951
2021-02-26T00:00:00.000Z,0,0.1430329302080947
2021-02-26T00:00:00.000Z,2,0.2892797984169088
2021-02-28T00:00:00.000Z,1,0.5765781854747144
2021-02-28T00:00:00.000Z,2,0.31441867228501175
2021-02-26T00:00:00.000Z,1,0.46057283324324405
2021-02-28T00:00:00.000Z,0,0.1514357265866124
2021-08-10T00:00:00.000Z,1,0.8412951355764222
2021-08-10T00:00:00.000Z,0,0.8496788465677232
2021-08-12T00:00:00.000Z,0,0.8390616694066262
2021-08-12T00:00:00.000Z,1,0.8337481802245191
2021-08-10T00:00:00.000Z,2,0.400841182228384
2021-08-12T00:00:00.000Z,2,0.3969193277290213
2021-09-11T00:00:00.000Z,0,0.7628204393483963
2021-09-11T00:00:00.000Z,1,0.8017811522779509
2021-09-11T00:00:00.000Z,2,0.35080038150718745
2020-06-06T00:00:00.000Z,2,0.3379247716762902
2020-06-06T00:00:00.000Z,0,0.5238490544772589
2020-06-03T00:00:00.000Z,1,0.8779615916567962
2020-06-06T00:00:00.000Z,1,0.747318297624588
2020-06-03T00:00:00.000Z,2,0.33498922478909365
2020-06-03T00:00:00.000Z,0,0.26240954551465356
2020-07-06T00:00:00.000Z,1,0.8985269139395992
2020-07-06T00:00:00.000Z,2,0.3648960336522781
2020-07-08T00:00:00.000Z,1,0.905755526597281
2020-07-06T00:00:00.000Z,0,0.5034115437185082
2020-07-08T00:00:00.000Z,0,0.6263002860847217
2020-07-08T00:00:00.000Z,2,0.3569640738131801
2020-08-02T00:00:00.000Z,0,0.49220995152508323
2020-08-05T00:00:00.000Z,1,0.9030467047944419
2020-08-05T00:00:00.000Z,0,0.8717095187008543
2020-08-02T00:00:00.000Z,1,0.6787851756984946
2020-08-05T00:00:00.000Z,2,0.33049537263109563
2020-08-02T00:00:00.000Z,2,
2020-09-19T00:00:00.000Z,2,
2020-09-19T00:00:00.000Z,1,
2020-09-21T00:00:00.000Z,2,
2020-09-19T00:00:00.000Z,0,0.6284784985995938
2020-09-21T00:00:00.000Z,0,0.49835679390540133
2020-11-28T00:00:00.000Z,2,0.4084305586120367
2020-11-28T00:00:00.000Z,1,0.5957561759018427
2020-11-28T00:00:00.000Z,0,0.2158316086615375
2020-12-10T00:00:00.000Z,0,0.22280550773569624
2020-12-10T00:00:00.000Z,2,0.18642301484942436
2020-12-08T00:00:00.000Z,2,
2020-12-08T00:00:00.000Z,0,
2020-12-10T00:00:00.000Z,1,0.6281576003852073
2020-12-08T00:00:00.000Z,1,
2021-01-19T00:00:00.000Z,1,
2021-01-19T00:00:00.000Z,2,
2021-01-19T00:00:00.000Z,0,
2021-04-24T00:00:00.000Z,0,0.15444525270814874
2021-04-24T00:00:00.000Z,2,0.3528585442156287
2021-04-24T00:00:00.000Z,1,0.825737896018515
2021-05-29T00:00:00.000Z,2,0.3412964470477043
2021-06-01T00:00:00.000Z,2,0.3599485561214697
2021-06-01T00:00:00.000Z,1,0.8678392030554931
2021-06-01T00:00:00.000Z,0,0.20161668799831753
2021-05-29T00:00:00.000Z,0,0.18929809161449895
2021-05-29T00:00:00.000Z,1,0.8802391438586842
2021-06-18T00:00:00.000Z,2,0.34030625304229545
2021-06-21T00:00:00.000Z,0,0.3544290758743966
2021-06-18T00:00:00.000Z,0,0.22112917612655955
2021-06-21T00:00:00.000Z,1,0.8896299756028417
2021-06-18T00:00:00.000Z,1,0.8920801447040176
2021-06-21T00:00:00.000Z,2,0.3631079132744709
2021-07-28T00:00:00.000Z,1,
2021-07-28T00:00:00.000Z,2,
2021-07-28T00:00:00.000Z,0,
2021-08-30T00:00:00.000Z,2,0.34570325628464293
2021-08-30T00:00:00.000Z,0,0.8103670978972437
2021-09-01T00:00:00.000Z,1,0.8406783941958675
2021-09-01T00:00:00.000Z,2,0.36842605034473636
2021-09-01T00:00:00.000Z,0,0.8382806500662223
2021-08-30T00:00:00.000Z,1,0.8096092232126484
2021-11-18T00:00:00.000Z,2,0.34353827163008666
2021-11-18T00:00:00.000Z,1,0.6138190333351933
2021-11-20T00:00:00.000Z,2,0.32848697948292094
2021-11-20T00:00:00.000Z,0,0.20033028963130847
2021-11-18T00:00:00.000Z,0,0.22708865329920544
2021-11-20T00:00:00.000Z,1,0.3928010949889699
2022-11-05T00:00:00.000Z,0,0.315435641011233
2022-11-05T00:00:00.000Z,2,0.3950296119061673
2022-11-05T00:00:00.000Z,1,0.7779974169678305
2021-02-08T00:00:00.000Z,2,0.2624779867247129
2021-02-08T00:00:00.000Z,0,0.22107560040405885
2021-02-08T00:00:00.000Z,1,0.5329666373948357
2021-10-29T00:00:00.000Z,1,0.7218056868609457
2021-10-31T00:00:00.000Z,2,0.3737644623698933
2021-10-31T00:00:00.000Z,0,0.2994942103526596
2021-10-29T00:00:00.000Z,0,0.3234423070445957
2021-10-29T00:00:00.000Z,2,0.3752333915268698
2022-01-22T00:00:00.000Z,2,0.3311552277295822
2022-01-22T00:00:00.000Z,1,0.7032480412444403
2022-01-22T00:00:00.000Z,0,0.19372748772815535
2022-03-03T00:00:00.000Z,0,0.14758150515931162
2022-03-03T00:00:00.000Z,2,0.308433282927299
2022-03-03T00:00:00.000Z,1,0.5790945963624884
2022-04-04T00:00:00.000Z,0,0.38652294377485913
2022-04-04T00:00:00.000Z,2,
2022-04-04T00:00:00.000Z,1,
2022-06-11T00:00:00.000Z,0,0.4332891983903624
2022-06-11T00:00:00.000Z,2,0.3897999562374643
2022-06-11T00:00:00.000Z,1,0.9129760071510162
2022-10-19T00:00:00.000Z,1,0.8161476665062211
2022-10-19T00:00:00.000Z,0,0.3001517676075141
2022-10-19T00:00:00.000Z,2,0.3903216649726638
2022-11-30T00:00:00.000Z,0,
2021-04-19T00:00:00.000Z,2,0.3417517524453162
2021-04-22T00:00:00.000Z,2,0.3490672401848251
2021-04-19T00:00:00.000Z,0,0.1488819588762964
2021-04-22T00:00:00.000Z,1,0.80639358216303
2021-04-22T00:00:00.000Z,0,0.15141933231852556
2021-04-19T00:00:00.000Z,1,0.47164142727851865
2021-06-11T00:00:00.000Z,0,0.21578590653812402
2021-06-13T00:00:00.000Z,1,0.9206450038443017
2021-06-13T00:00:00.000Z,0,0.19100377379010963
2021-06-11T00:00:00.000Z,1,0.8980227381176591
2021-06-13T00:00:00.000Z,2,0.35477522532024974
2021-06-11T00:00:00.000Z,2,0.37386065115808503
2021-10-01T00:00:00.000Z,0,0.6689616484324599
2021-10-01T00:00:00.000Z,2,0.38436507462654684
2021-10-01T00:00:00.000Z,1,0.8334083185265647
2021-10-24T00:00:00.000Z,1,0.7844520978833355
2021-10-26T00:00:00.000Z,2,
2021-10-24T00:00:00.000Z,0,0.39701993604168806
2021-10-26T00:00:00.000Z,0,
2021-10-24T00:00:00.000Z,2,0.4008272715757869
2021-12-03T00:00:00.000Z,0,0.26135171119930556
2021-12-03T00:00:00.000Z,1,0.5303979169263641
2021-12-03T00:00:00.000Z,2,0.35278091820662943
2022-05-12T00:00:00.000Z,0,
2022-05-14T00:00:00.000Z,0,0.16760114242275273
2022-05-14T00:00:00.000Z,1,0.9443341339309139
2022-05-12T00:00:00.000Z,2,
2022-05-12T00:00:00.000Z,1,0.892252132514628
2022-05-14T00:00:00.000Z,2,0.36881824093183496
2022-06-06T00:00:00.000Z,1,0.904059412290241
2022-06-06T00:00:00.000Z,2,0.3704413220808735
2022-06-06T00:00:00.000Z,0,0.3344034556263634
2022-07-03T00:00:00.000Z,0,0.8028492783404901
2022-07-06T00:00:00.000Z,2,0.3775768785452216
2022-07-03T00:00:00.000Z,2,0.35413532655314983
2022-07-03T00:00:00.000Z,1,0.8969568091132213
2022-07-06T00:00:00.000Z,0,0.840662265205565
2022-07-06T00:00:00.000Z,1,0.9047002729896991
2022-08-25T00:00:00.000Z,0,0.8034686142355393
2022-08-27T00:00:00.000Z,0,0.7656971756324953
2022-08-27T00:00:00.000Z,2,0.30187592133914026
2022-08-27T00:00:00.000Z,1,0.7833970757753321
2022-08-25T00:00:00.000Z,2,0.3119011692457052
2022-08-25T00:00:00.000Z,1,0.8234297790292993
2022-09-06T00:00:00.000Z,2,0.32981252938687694
2022-09-06T00:00:00.000Z,1,
2022-09-06T00:00:00.000Z,0,0.691932894713851
2022-10-04T00:00:00.000Z,2,0.3573376077391845
2022-10-06T00:00:00.000Z,1,0.7567510144306397
2022-10-04T00:00:00.000Z,0,0.37890430221967625
2022-10-06T00:00:00.000Z,0,0.3303792094353991
2022-10-04T00:00:00.000Z,1,0.8290642862264425
2022-10-06T00:00:00.000Z,2,0.3711787364531542
2022-12-28T00:00:00.000Z,2,
2022-12-28T00:00:00.000Z,1,0.6317823495518724
2022-12-28T00:00:00.000Z,0,0.15771049037179413
2022-01-24T00:00:00.000Z,0,0.19229216141990815
2022-01-27T00:00:00.000Z,2,
2022-01-24T00:00:00.000Z,1,0.6296418470287917
2022-01-24T00:00:00.000Z,2,0.32039869849880537
2022-06-26T00:00:00.000Z,2,0.3752216930790855
2022-06-28T00:00:00.000Z,2,0.32657274964194216
2022-06-28T00:00:00.000Z,0,0.7675429603327171
2022-06-26T00:00:00.000Z,0,0.6534271801544529
2022-06-28T00:00:00.000Z,1,0.9208639509756004
2022-09-16T00:00:00.000Z,1,0.7324430146622157
2022-09-16T00:00:00.000Z,0,0.5971737747997419
2022-09-16T00:00:00.000Z,2,0.6012908805693898
2022-12-05T00:00:00.000Z,0,
2022-12-05T00:00:00.000Z,1,0.07557353690482568
2022-12-05T00:00:00.000Z,2,
2022-02-08T00:00:00.000Z,0,0.20074500183354835
2022-02-08T00:00:00.000Z,1,0.6763431759520401
2022-02-08T00:00:00.000Z,2,0.34312834859932206
2022-09-21T00:00:00.000Z,1,0.8526212856952265
2022-09-21T00:00:00.000Z,0,0.5454102231538622
2022-09-21T00:00:00.000Z,2,0.3668177908937691
2021-10-21T00:00:00.000Z,2,0.3967651128098781
2021-10-21T00:00:00.000Z,0,0.4260818886547151
2021-10-21T00:00:00.000Z,1,0.7908248395381373
2022-12-10T00:00:00.000Z,2,
2022-12-10T00:00:00.000Z,0,
2022-12-10T00:00:00.000Z,1,0.35633292869906286
2020-02-12T00:00:00.000Z,2,0.350345783003893
2020-02-14T00:00:00.000Z,1,
2020-02-12T00:00:00.000Z,1,0.6050849073811378
2020-02-14T00:00:00.000Z,2,0.37453338463012487
2020-02-12T00:00:00.000Z,0,0.24700384957780788
2020-02-14T00:00:00.000Z,0,
2020-03-08T00:00:00.000Z,0,
2020-03-08T00:00:00.000Z,2,0.30927458112918
2020-04-09T00:00:00.000Z,1,0.7590119949795247
2020-04-09T00:00:00.000Z,0,0.15514860920202148
2020-04-09T00:00:00.000Z,2,0.3480846212723213
2020-04-29T00:00:00.000Z,0,0.6631450007359186
2020-04-29T00:00:00.000Z,2,0.44203804286591936
2020-05-24T00:00:00.000Z,1,0.884525043900472
2020-05-24T00:00:00.000Z,0,0.49604502225644126
2020-05-24T00:00:00.000Z,2,0.37365867051113794
2020-06-28T00:00:00.000Z,0,0.5196500496970452
2020-06-28T00:00:00.000Z,1,0.8743327020317349
2020-06-28T00:00:00.000Z,2,0.35463945625471877
2020-07-31T00:00:00.000Z,0,0.8119331256849849
2020-07-31T00:00:00.000Z,2,0.3291022665317538
2020-07-31T00:00:00.000Z,1,0.8635639808638258
2020-09-09T00:00:00.000Z,1,0.8732487475391071
2020-09-09T00:00:00.000Z,2,0.3495434393214467
2020-09-09T00:00:00.000Z,0,0.724391388818527
2020-10-16T00:00:00.000Z,1,0.39648849377249695
2020-12-18T00:00:00.000Z,2,0.23238782403505828
2020-12-18T00:00:00.000Z,0,
2020-12-18T00:00:00.000Z,1,
2021-03-28T00:00:00.000Z,1,0.6242152944072873
2021-03-28T00:00:00.000Z,0,0.20734354087994417
2021-03-28T00:00:00.000Z,2,0.34968859883415343
2021-04-17T00:00:00.000Z,1,0.7231463643392272
2021-04-17T00:00:00.000Z,2,0.35356836123013957
2021-04-17T00:00:00.000Z,0,0.1677963424594347
2021-06-16T00:00:00.000Z,1,0.9006815760754777
2021-06-16T00:00:00.000Z,2,0.37681698485885873
2021-06-16T00:00:00.000Z,0,0.23588874739264157
2021-07-01T00:00:00.000Z,2,
2021-07-01T00:00:00.000Z,1,0.7632166206982433
2021-07-01T00:00:00.000Z,0,0.46143376827924787
2021-12-23T00:00:00.000Z,0,0.18688181715382055
2021-12-23T00:00:00.000Z,2,0.33250188427435096
2021-12-23T00:00:00.000Z,1,
2022-02-13T00:00:00.000Z,0,0.1800995910654759
2022-02-13T00:00:00.000Z,2,0.3173691164289783
2022-02-13T00:00:00.000Z,1,0.6181715158485895
2022-03-28T00:00:00.000Z,0,0.16973293083079868
2022-03-25T00:00:00.000Z,2,0.3284155681292867
2022-03-28T00:00:00.000Z,2,0.3376862097229135
2022-03-25T00:00:00.000Z,1,0.5832031604932506
2022-03-25T00:00:00.000Z,0,0.15500632581670487
2022-03-28T00:00:00.000Z,1,0.5835685831706814
2022-07-11T00:00:00.000Z,0,0.8697560271587775
2022-07-13T00:00:00.000Z,0,0.8598017776221085
2022-07-13T00:00:00.000Z,2,0.3409299136455621
2022-07-11T00:00:00.000Z,2,0.3734566562901839
2022-07-11T00:00:00.000Z,1,0.9151054177863985
2022-07-13T00:00:00.000Z,1,0.9101345688387078
2022-09-19T00:00:00.000Z,2,0.3863162107085225
2022-09-19T00:00:00.000Z,1,0.8600315807183971
2022-09-19T00:00:00.000Z,0,0.6143723043807239
2022-10-16T00:00:00.000Z,0,0.3037967894097228
2022-10-16T00:00:00.000Z,1,0.8311825975666775
2022-10-16T00:00:00.000Z,2,0.3820439315765299
2020-04-02T00:00:00.000Z,2,0.3280663454898279
2020-04-02T00:00:00.000Z,0,0.15276624515064272
2020-04-02T00:00:00.000Z,1,0.5988916958723196
2020-05-12T00:00:00.000Z,0,
2020-07-18T00:00:00.000Z,2,0.33903685660441696
2020-07-18T00:00:00.000Z,1,0.8972944579826859
2020-07-18T00:00:00.000Z,0,0.7646586002081595
2020-11-05T00:00:00.000Z,2,0.15905053892025822
2020-11-05T00:00:00.000Z,1,0.5092141065148367
2020-11-05T00:00:00.000Z,0,0.17307321771097564
2021-01-24T00:00:00.000Z,0,0.21681462093263815
2021-01-24T00:00:00.000Z,1,0.7035966939455508
2021-01-24T00:00:00.000Z,2,0.39041841998085625
2022-01-17T00:00:00.000Z,0,
2022-01-19T00:00:00.000Z,2,
2022-01-17T00:00:00.000Z,2,0.02617641026769572
2022-01-17T00:00:00.000Z,1,
2022-01-19T00:00:00.000Z,1,
2022-01-19T00:00:00.000Z,0,
2022-04-27T00:00:00.000Z,0,0.21238643393701323
2022-04-27T00:00:00.000Z,2,0.3899514674453058
2022-04-27T00:00:00.000Z,1,0.9089372971340017
2022-05-02T00:00:00.000Z,1,0.8957046969550881
2022-05-02T00:00:00.000Z,2,0.40535970052383885
2022-05-02T00:00:00.000Z,0,0.2071511732343214
2022-07-08T00:00:00.000Z,1,0.9143847336202271
2022-07-08T00:00:00.000Z,0,0.8487061071305056
2022-07-08T00:00:00.000Z,2,0.3661179799153521
2022-08-05T00:00:00.000Z,2,0.30361461385218314
2022-08-07T00:00:00.000Z,2,0.28535979671396894
2022-08-05T00:00:00.000Z,1,0.8408764126886368
2022-08-05T00:00:00.000Z,0,0.8478502135527193
2022-08-07T00:00:00.000Z,1,0.8705670486579831
2022-08-07T00:00:00.000Z,0,0.8617934281918351
2022-08-22T00:00:00.000Z,0,0.8315562579099007
2022-08-22T00:00:00.000Z,1,0.8268834401558577
2022-08-22T00:00:00.000Z,2,0.3033662981687052
2022-08-20T00:00:00.000Z,2,
2022-08-20T00:00:00.000Z,1,0.7592937920488748
2022-08-20T00:00:00.000Z,0,0.8000922758700484
2020-03-03T00:00:00.000Z,0,0.4583532881194895
2020-03-03T00:00:00.000Z,2,0.3247375473807412
2020-03-03T00:00:00.000Z,1,0.5822768098236974
2020-09-26T00:00:00.000Z,1,
2020-09-26T00:00:00.000Z,2,0.37842592100808187
2020-09-26T00:00:00.000Z,0,0.5696418431543426
2021-03-30T00:00:00.000Z,0,0.15176409092568238
2021-03-30T00:00:00.000Z,1,0.6460000745119334
2021-04-02T00:00:00.000Z,2,0.3143194643471294
2021-04-02T00:00:00.000Z,1,0.5297104177793255
2021-03-30T00:00:00.000Z,2,0.3366875342588281
2021-04-02T00:00:00.000Z,0,0.1795302035484795
2021-10-09T00:00:00.000Z,1,0.7653940931282365
2021-10-11T00:00:00.000Z,0,0.5909499955881686
2021-10-11T00:00:00.000Z,1,0.8094976483371372
2021-10-09T00:00:00.000Z,0,0.579652011214757
2021-10-11T00:00:00.000Z,2,0.41079931513052365
2021-10-09T00:00:00.000Z,2,0.3701739716154568
2021-12-30T00:00:00.000Z,2,
2020-03-20T00:00:00.000Z,0,0.20845951036547275
2020-03-20T00:00:00.000Z,1,0.5083467625626804
2020-03-20T00:00:00.000Z,2,0.4110030385048746
2021-03-10T00:00:00.000Z,1,0.5250799606553156
2021-03-10T00:00:00.000Z,0,0.1570676174094958
2021-03-10T00:00:00.000Z,2,0.3049798620795762
2022-02-18T00:00:00.000Z,0,0.3101652003105082
2022-02-18T00:00:00.000Z,1,0.8134891593627792
2022-02-18T00:00:00.000Z,2,0.3624031870759941
2022-10-31T00:00:00.000Z,0,0.28012061120753706
2022-10-31T00:00:00.000Z,1,
2022-10-31T00:00:00.000Z,2,0.37371805379668943
2020-02-24T00:00:00.000Z,1,0.5610684919592692
2020-02-24T00:00:00.000Z,2,0.3184087590728369
2020-02-24T00:00:00.000Z,0,0.22839525167228455
2020-09-06T00:00:00.000Z,2,
2020-09-06T00:00:00.000Z,1,0.5701259983082613
2020-09-04T00:00:00.000Z,2,0.3506402836569561
2020-09-04T00:00:00.000Z,1,0.8905156457485496
2020-09-06T00:00:00.000Z,0,0.5142935256623538
2020-09-04T00:00:00.000Z,0,0.765076556821257
2021-04-07T00:00:00.000Z,0,0.1987188108186047
2021-04-07T00:00:00.000Z,1,0.7049993491959179
2021-04-09T00:00:00.000Z,0,
2021-04-09T00:00:00.000Z,2,
2021-04-07T00:00:00.000Z,2,0.3181111524011992
2021-08-15T00:00:00.000Z,1,0.8181320849776816
2021-08-15T00:00:00.000Z,0,0.8402373986404863
2021-08-15T00:00:00.000Z,2,0.39669868583031465
2021-09-04T00:00:00.000Z,0,
2020-01-08T00:00:00.000Z,2,0.4242404700562743
2020-01-08T00:00:00.000Z,1,
2020-01-10T00:00:00.000Z,2,
2020-01-10T00:00:00.000Z,0,
2020-01-08T00:00:00.000Z,0,0.16099001881956732
2020-03-18T00:00:00.000Z,2,0.32586736314177406
2020-03-15T00:00:00.000Z,1,0.5796166956996421
2020-03-18T00:00:00.000Z,0,0.17742856707929186
2020-03-15T00:00:00.000Z,0,0.20501636825821312
2020-03-15T00:00:00.000Z,2,0.3351875239591427
2020-03-18T00:00:00.000Z,1,0.5565062455297136
2020-06-18T00:00:00.000Z,1,
2020-06-18T00:00:00.000Z,2,
2020-06-16T00:00:00.000Z,1,
2020-06-18T00:00:00.000Z,0,0.014885258161354744
2020-08-10T00:00:00.000Z,1,0.8776263302979417
2020-08-10T00:00:00.000Z,0,0.837240018273533
2020-08-10T00:00:00.000Z,2,0.33127742512082864
2020-11-10T00:00:00.000Z,2,0.3356427661969628
2020-11-13T00:00:00.000Z,2,
2020-11-10T00:00:00.000Z,0,0.21995297652268375
2020-11-10T00:00:00.000Z,1,0.5779700817501451
2021-02-23T00:00:00.000Z,2,0.27963186415579044
2021-02-23T00:00:00.000Z,0,0.15100446893397226
2021-02-23T00:00:00.000Z,1,0.4695181617189997
2021-03-20T00:00:00.000Z,1,0.573327805101468
2021-03-18T00:00:00.000Z,0,
2021-03-20T00:00:00.000Z,0,0.16597247555914105
2021-03-20T00:00:00.000Z,2,0.3251505081758343
2021-03-18T00:00:00.000Z,2,0.3254818564901749
2021-04-12T00:00:00.000Z,2,
2021-04-14T00:00:00.000Z,2,0.35512291563492665
2021-04-12T00:00:00.000Z,1,
2021-04-12T00:00:00.000Z,0,0.19340500565210603
2021-04-14T00:00:00.000Z,1,0.7836877887333102
2021-04-14T00:00:00.000Z,0,0.16718901637803074
2022-11-10T00:00:00.000Z,1,0.6535428733141998
2022-11-08T00:00:00.000Z,0,0.27260431740416086
2022-11-10T00:00:00.000Z,2,0.38779282794983516
2022-11-08T00:00:00.000Z,2,0.383762353185798
2022-11-10T00:00:00.000Z,0,0.30489453632683466
2022-11-08T00:00:00.000Z,1,0.7289585741436465
2021-03-08T00:00:00.000Z,2,
2021-03-08T00:00:00.000Z,0,0.17323142237528805
2021-03-08T00:00:00.000Z,1,
2021-05-27T00:00:00.000Z,1,0.8436369008402046
2021-05-27T00:00:00.000Z,0,0.22951776005797167
2021-05-27T00:00:00.000Z,2,0.37118443873035634
2021-07-26T00:00:00.000Z,2,
2021-07-26T00:00:00.000Z,0,0.47179942081371945
2021-07-26T00:00:00.000Z,1,
2021-08-27T00:00:00.000Z,2,
2021-08-25T00:00:00.000Z,2,0.384196610551678
2021-08-25T00:00:00.000Z,1,0.8340492833767872
2021-08-25T00:00:00.000Z,0,0.8448022228364782
2021-08-27T00:00:00.000Z,0,0.776895663718296
2021-08-27T00:00:00.000Z,1,0.7975131914185019
2021-10-06T00:00:00.000Z,0,
2021-10-06T00:00:00.000Z,2,
2022-02-23T00:00:00.000Z,0,0.17691641395327856
2022-02-23T00:00:00.000Z,2,0.3328960060571128
2022-02-23T00:00:00.000Z,1,0.6631892163063368
2022-06-13T00:00:00.000Z,1,0.8817847925761877
2022-06-16T00:00:00.000Z,2,
2022-06-16T00:00:00.000Z,0,0.4667348613486
2022-06-13T00:00:00.000Z,2,0.3439176071485044
2022-06-13T00:00:00.000Z,0,0.40964701324268843
2022-06-16T00:00:00.000Z,1,0.8732962603334034
2022-10-26T00:00:00.000Z,2,0.38631367203315575
2022-10-26T00:00:00.000Z,1,0.799258257569319
2022-10-26T00:00:00.000Z,0,0.2857668022762051
2022-07-28T00:00:00.000Z,1,0.8954645494700705
2022-07-28T00:00:00.000Z,2,
2022-07-28T00:00:00.000Z,0,
2022-09-04T00:00:00.000Z,1,0.831882803026267
2022-09-01T00:00:00.000Z,2,0.32192824528178
2022-09-01T00:00:00.000Z,1,0.8351482449590175
2022-09-04T00:00:00.000Z,2,0.3342650607331378
2022-09-04T00:00:00.000Z,0,0.736941108962228
2022-09-01T00:00:00.000Z,0,0.7529192836946743
2022-01-29T00:00:00.000Z,2,
2022-03-10T00:00:00.000Z,1,0.589183703932438
2022-03-10T00:00:00.000Z,0,0.15704603502403558
2022-03-10T00:00:00.000Z,2,0.3118978406773447
2022-07-21T00:00:00.000Z,1,0.8977900942328045
2022-07-21T00:00:00.000Z,0,0.8798697147982621
2022-07-21T00:00:00.000Z,2,0.34266610097181316
2022-08-12T00:00:00.000Z,2,0.2897164873947214
2022-08-12T00:00:00.000Z,1,0.83471376123449
2022-08-12T00:00:00.000Z,0,0.8520121778498841
2022-11-20T00:00:00.000Z,1,0.6207111477529069
2022-11-20T00:00:00.000Z,2,
2022-11-20T00:00:00.000Z,0,
2021-08-05T00:00:00.000Z,2,
2021-08-05T00:00:00.000Z,1,0.6928263428254109
2021-08-05T00:00:00.000Z,0,
2021-11-05T00:00:00.000Z,0,0.17163221002944934
2021-11-05T00:00:00.000Z,2,0.21393387673193948
2021-11-05T00:00:00.000Z,1,0.12663773904026795
2021-11-30T00:00:00.000Z,1,
2021-11-30T00:00:00.000Z,0,0.1407518722150906
2021-11-30T00:00:00.000Z,2,0.3105559260745641
2022-01-09T00:00:00.000Z,2,
2022-02-11T00:00:00.000Z,2,0.39204355978196664
2022-02-11T00:00:00.000Z,0,0.1854561742486797
2022-02-11T00:00:00.000Z,1,
2022-02-26T00:00:00.000Z,0,0.17513129534456678
2022-02-28T00:00:00.000Z,0,0.1672156509627886
2022-02-28T00:00:00.000Z,2,0.3263827693799847
2022-02-26T00:00:00.000Z,2,0.33945559161007266
2022-02-28T00:00:00.000Z,1,0.6333110373403656
2022-02-26T00:00:00.000Z,1,0.6527205637935827
2022-05-27T00:00:00.000Z,0,0.19725723971886253
2022-05-27T00:00:00.000Z,2,0.352308994497609
2022-05-27T00:00:00.000Z,1,0.9420310555678088
2022-07-01T00:00:00.000Z,1,0.9136269143273397
2022-07-01T00:00:00.000Z,2,
2022-07-01T00:00:00.000Z,0,0.8211481149349426
2022-07-26T00:00:00.000Z,1,0.7574683820696201
2022-07-26T00:00:00.000Z,0,0.854917827014501
2022-07-26T00:00:00.000Z,2,
2022-09-11T00:00:00.000Z,0,0.6872504445895318
2022-09-11T00:00:00.000Z,1,0.8546088756728618
2022-09-09T00:00:00.000Z,2,
2022-09-11T00:00:00.000Z,2,0.35825849319309877
2022-09-09T00:00:00.000Z,0,0.6171929563191231
2022-09-09T00:00:00.000Z,1,0.8034167545182365
2020-01-18T00:00:00.000Z,2,
2020-01-15T00:00:00.000Z,2,0.3341397372649219
2020-01-15T00:00:00.000Z,1,0.6997493326766165
2020-01-15T00:00:00.000Z,0,0.2182973309483171
2020-01-18T00:00:00.000Z,1,0.6674482146985666
2020-03-25T00:00:00.000Z,1,0.5764617891173128
2020-03-25T00:00:00.000Z,2,0.3394451518594614
2020-03-23T00:00:00.000Z,2,
2020-03-25T00:00:00.000Z,0,0.17041034024753948
2020-03-23T00:00:00.000Z,0,0.1439674362540245
2020-04-17T00:00:00.000Z,2,0.35117777396419614
2020-04-17T00:00:00.000Z,0,0.16941529571528632
2020-04-17T00:00:00.000Z,1,0.8440664196091876
2020-07-13T00:00:00.000Z,2,0.33608928590504333
2020-07-16T00:00:00.000Z,0,
2020-07-16T00:00:00.000Z,1,0.4916626210630375
2020-07-13T00:00:00.000Z,0,0.6977970233275262
2020-07-13T00:00:00.000Z,1,0.8987977727460823
2020-08-25T00:00:00.000Z,2,0.3344742175645693
2020-08-25T00:00:00.000Z,0,0.8186942326591168
2020-08-22T00:00:00.000Z,0,0.6522715132002668
2020-08-22T00:00:00.000Z,2,0.21202356119950613
2020-08-25T00:00:00.000Z,1,0.8646356030883035
2020-10-24T00:00:00.000Z,1,0.6551876982684948
2020-10-24T00:00:00.000Z,0,0.31472966239849615
2020-10-24T00:00:00.000Z,2,0.33263015210047947
2021-01-07T00:00:00.000Z,1,0.4645961062161756
2021-01-07T00:00:00.000Z,0,
2021-01-07T00:00:00.000Z,2,0.2369446547915025
2021-05-02T00:00:00.000Z,2,
2021-05-02T00:00:00.000Z,0,0.682642700150609
2021-06-28T00:00:00.000Z,0,
2021-06-26T00:00:00.000Z,0,0.39375768313352244
2021-06-28T00:00:00.000Z,1,
2021-06-26T00:00:00.000Z,1,0.8462019754947442
2021-06-28T00:00:00.000Z,2,
2021-06-26T00:00:00.000Z,2,0.39062019049901364
2021-08-17T00:00:00.000Z,1,0.7932676358853064
2021-08-20T00:00:00.000Z,2,0.39463386748920837
2021-08-20T00:00:00.000Z,0,0.8536196601962776
2021-08-20T00:00:00.000Z,1,0.8438246829090743
2021-08-17T00:00:00.000Z,2,0.3223844497542448
2021-08-17T00:00:00.000Z,0,0.8187594228205317
2021-09-24T00:00:00.000Z,2,0.37963926121661257
2021-09-24T00:00:00.000Z,0,0.7360339033993969
2021-09-24T00:00:00.000Z,1,0.8402671934045688
2021-10-14T00:00:00.000Z,0,0.5443462756794009
2021-10-14T00:00:00.000Z,2,0.40545746221849727
2021-10-14T00:00:00.000Z,1,0.8325111662795993
2021-12-18T00:00:00.000Z,2,
2021-12-18T00:00:00.000Z,1,0.5234910005372196
2021-12-15T00:00:00.000Z,2,
2021-12-18T00:00:00.000Z,0,0.17341502970907302
2022-03-08T00:00:00.000Z,2,0.30133626843300887
2022-03-05T00:00:00.000Z,0,0.16189702590208477
2022-03-08T00:00:00.000Z,0,0.1479888929126106
2022-03-05T00:00:00.000Z,2,0.3253167897988647
2022-03-05T00:00:00.000Z,1,0.6150967459707056
2022-03-08T00:00:00.000Z,1,0.543221047273697
2022-04-17T00:00:00.000Z,0,0.16133890789338018
2022-04-14T00:00:00.000Z,1,0.7844513182266517
2022-04-17T00:00:00.000Z,1,0.8850925203958502
2022-04-17T00:00:00.000Z,2,0.36889250414459746
2022-04-14T00:00:00.000Z,0,0.1517601403466175
2022-04-14T00:00:00.000Z,2,0.3486448687598336
2022-08-10T00:00:00.000Z,0,0.8683100434217137
2022-08-10T00:00:00.000Z,2,0.30171584107181076
2022-08-10T00:00:00.000Z,1,0.8597320014953355
2022-12-20T00:00:00.000Z,1,
2022-12-20T00:00:00.000Z,0,0.49805296298818313
2022-12-20T00:00:00.000Z,2,
2021-09-21T00:00:00.000Z,1,0.6473762727682553
2021-09-21T00:00:00.000Z,2,0.34086780050127385
2021-09-21T00:00:00.000Z,0,0.7024802493299719
2022-07-31T00:00:00.000Z,1,0.8685199450000398
2022-08-02T00:00:00.000Z,0,0.8648838852281344
2022-08-02T00:00:00.000Z,1,0.8753435297481031
2022-07-31T00:00:00.000Z,2,
2022-08-02T00:00:00.000Z,2,0.3035871335167809
2022-07-31T00:00:00.000Z,0,0.8590562083552753
2020-04-22T00:00:00.000Z,2,0.36617351864289316
2020-04-22T00:00:00.000Z,1,0.9003555818266447
2020-04-22T00:00:00.000Z,0,0.17715544135796554
2020-08-20T00:00:00.000Z,1,0.887344209524212
2020-08-20T00:00:00.000Z,0,0.844968188296596
2020-08-20T00:00:00.000Z,2,0.34387464795564043
2021-02-21T00:00:00.000Z,1,0.611758999068531
2021-02-21T00:00:00.000Z,2,0.3329473206158246
2021-02-21T00:00:00.000Z,0,0.17291801936827153
2021-05-09T00:00:00.000Z,1,0.8681231101547642
2021-05-12T00:00:00.000Z,2,0.2856032310922941
2021-05-09T00:00:00.000Z,0,0.013443033443187539
2021-05-12T00:00:00.000Z,1,0.8371283669572454
2021-05-12T00:00:00.000Z,0,0.4802291029625892
2021-05-09T00:00:00.000Z,2,
2021-06-23T00:00:00.000Z,0,0.32579197548754
2021-06-23T00:00:00.000Z,2,0.33661224416122476
2021-06-23T00:00:00.000Z,1,0.8226605610605995
2021-11-23T00:00:00.000Z,2,0.3337084734768531
2021-11-23T00:00:00.000Z,0,0.20512706731085756
2021-11-23T00:00:00.000Z,1,0.5823620302048345
2022-03-20T00:00:00.000Z,0,
2022-05-09T00:00:00.000Z,0,0.19590165570233697
2022-05-09T00:00:00.000Z,2,0.3724001529111056
2022-05-09T00:00:00.000Z,1,0.9203026677385243
2022-06-18T00:00:00.000Z,1,0.9063275731855894
2022-06-18T00:00:00.000Z,0,0.48044633251930263
2022-06-18T00:00:00.000Z,2,0.3404918220650226
2022-06-23T00:00:00.000Z,0,0.6966783927553214
2022-06-21T00:00:00.000Z,1,0.8493626392730167
2022-06-23T00:00:00.000Z,1,0.8983158964695015
2022-06-21T00:00:00.000Z,2,0.39344952643137576
2022-06-23T00:00:00.000Z,2,0.33990091323806143
2022-06-21T00:00:00.000Z,0,0.5581104066266829
2020-01-23T00:00:00.000Z,2,
2020-01-25T00:00:00.000Z,2,
2020-04-07T00:00:00.000Z,0,0.1545557920533157
2020-04-04T00:00:00.000Z,2,0.34121339867833134
2020-04-07T00:00:00.000Z,1,0.7008563612856269
2020-04-04T00:00:00.000Z,0,0.1499112008757432
2020-04-07T00:00:00.000Z,2,0.34176767329132096
2020-04-04T00:00:00.000Z,1,0.635610515901067
2020-06-08T00:00:00.000Z,2,0.7979270940512614
2020-06-08T00:00:00.000Z,0,
2020-07-01T00:00:00.000Z,2,0.3716384651383378
2020-07-01T00:00:00.000Z,0,0.5605235505972781
2020-07-01T00:00:00.000Z,1,0.9099037424355317
2020-09-16T00:00:00.000Z,1,0.8806464924839432
2020-09-16T00:00:00.000Z,0,0.6636523065918611
2020-09-16T00:00:00.000Z,2,0.3372690394474365
2020-10-31T00:00:00.000Z,1,0.6802567706605933
2020-10-31T00:00:00.000Z,0,0.2258727174927664
2020-10-31T00:00:00.000Z,2,
2021-01-29T00:00:00.000Z,0,
2021-01-29T00:00:00.000Z,2,
2021-01-29T00:00:00.000Z,1,0.44275261097484164
2021-03-05T00:00:00.000Z,0,0.20264852215867427
2021-03-05T00:00:00.000Z,2,
2021-05-19T00:00:00.000Z,1,0.7586466924562514
2021-05-17T00:00:00.000Z,2,
2021-05-19T00:00:00.000Z,0,
2021-07-11T00:00:00.000Z,1,0.8111180090142432
2021-07-11T00:00:00.000Z,0,0.5818144400123456
2021-07-11T00:00:00.000Z,2,0.3054113985744567
2021-08-02T00:00:00.000Z,0,0.7915234764217678
2021-08-02T00:00:00.000Z,2,0.36384161032102247
2021-08-22T00:00:00.000Z,2,
2021-09-06T00:00:00.000Z,2,0.3595880998158484
2021-09-06T00:00:00.000Z,0,0.8324818809863208
2021-09-06T00:00:00.000Z,1,0.8492168234093803
2021-09-09T00:00:00.000Z,1,
2022-03-23T00:00:00.000Z,1,0.5823582760523627
2022-03-23T00:00:00.000Z,2,0.3361082372643961
2022-03-23T00:00:00.000Z,0,0.15766656254707911
2022-04-09T00:00:00.000Z,2,
2022-04-09T00:00:00.000Z,1,
2022-04-09T00:00:00.000Z,0,
2022-05-19T00:00:00.000Z,0,
2022-05-19T00:00:00.000Z,1,0.853808259863178
2022-05-19T00:00:00.000Z,2,0.37622055411338806
2022-09-26T00:00:00.000Z,2,0.32607168367278283
2022-09-26T00:00:00.000Z,0,0.42037952762004194
2022-09-26T00:00:00.000Z,1,0.8174832885604029
2022-11-18T00:00:00.000Z,1,
2022-11-18T00:00:00.000Z,0,0.2848280837640452
2022-11-18T00:00:00.000Z,2,0.27285861122755356
2021-09-29T00:00:00.000Z,2,0.3732071202523264
2021-09-29T00:00:00.000Z,0,0.5849982265907003
2021-09-29T00:00:00.000Z,1,
2022-10-11T00:00:00.000Z,1,
2022-10-11T00:00:00.000Z,2,0.3643255226891419
2022-10-11T00:00:00.000Z,0,0.30419679906144237
2022-12-08T00:00:00.000Z,0,0.22987686846856312
2022-12-08T00:00:00.000Z,2,0.36243661767992147
2022-12-08T00:00:00.000Z,1,0.4718731373047876
